{
  "batch_n": 50,
  "fe25519_add_cy": 2339.22,
  "fe25519_add_jif": 0.1372342765958071,
  "fe25519_cswap_cy": 1624.46,
  "fe25519_cswap_jif": 0.09530167874711433,
  "fe25519_inv_cy": 28909357.0,
  "fe25519_inv_jif": 1696.0160629376167,
  "fe25519_inv_overhead_jif": 0.7154261107802995,
  "fe25519_mul_a24_cy": 8079.62,
  "fe25519_mul_a24_jif": 0.47400449973453324,
  "fe25519_mul_cy": 101053.56,
  "fe25519_mul_jif": 5.928477100927227,
  "fe25519_reduce_final_cy": 3194.84,
  "fe25519_reduce_final_jif": 0.18743066331484354,
  "fe25519_sqr_cy": 109392.02,
  "fe25519_sqr_jif": 6.417666884711169,
  "fe25519_sub_cy": 1775.08,
  "fe25519_sub_jif": 0.10413805443681451,
  "iterations": 5,
  "measurement": "CIA1_cycles",
  "vic_blanked": false
}
