{
  "batch_n": 50,
  "fe25519_add_cy": 2340.2,
  "fe25519_add_jif": 0.13729176994447198,
  "fe25519_cswap_cy": 1625.4,
  "fe25519_cswap_jif": 0.09535682542848678,
  "fe25519_inv_cy": 28766199.8,
  "fe25519_inv_jif": 1687.617504964668,
  "fe25519_inv_overhead_jif": 0.7928426647579272,
  "fe25519_mul_a24_cy": 8073.58,
  "fe25519_mul_a24_jif": 0.4736501529733741,
  "fe25519_mul_cy": 101054.8,
  "fe25519_mul_jif": 5.928549847613293,
  "fe25519_reduce_final_cy": 3199.88,
  "fe25519_reduce_final_jif": 0.18772634339369157,
  "fe25519_sqr_cy": 108823.16,
  "fe25519_sqr_jif": 6.384293755811668,
  "fe25519_sub_cy": 1775.94,
  "fe25519_sub_jif": 0.10418850778360207,
  "iterations": 5,
  "measurement": "CIA1_cycles",
  "vic_blanked": false
}
